-6.946,-6.947
-6.946,-6.947
-6.92337,-6.92437
-6.90075,-6.90174
-6.87812,-6.87911
-6.8555,-6.85648
-6.83287,-6.83385
-6.81025,-6.81122
-6.78763,-6.78859
-6.765,-6.76596
-6.74237,-6.74333
-6.71975,-6.7207
-6.70844,-6.70939
-6.68581,-6.68676
-6.66319,-6.66413
-6.64056,-6.6415
-6.61793,-6.61887
-6.59531,-6.59624
-6.57268,-6.57361
-6.56137,-6.5623
-6.53875,-6.53967
-6.51612,-6.51704
-6.49349,-6.49441
-6.47087,-6.47178
-6.45956,-6.46047
-6.44824,-6.44915
-6.43693,-6.43784
-6.4143,-6.41521
-6.39168,-6.39258
-6.36905,-6.36995
-6.35774,-6.35863
-6.33511,-6.336
-6.31249,-6.31338
-6.28986,-6.29075
-6.26724,-6.26812
-6.24461,-6.24549
-6.22199,-6.22286
-6.19936,-6.20023
-6.17674,-6.1776
-6.15411,-6.15497
-6.13148,-6.13234
-6.10886,-6.10971
-6.08623,-6.08708
-6.06361,-6.06445
-6.05229,-6.05314
-6.02967,-6.03051
-6.00704,-6.00788
-5.98442,-5.98525
-5.96179,-5.96262
-5.93917,-5.93999
-5.92785,-5.92868
-5.90523,-5.90605
-5.8826,-5.88342
-5.85998,-5.86079
-5.83735,-5.83816
-5.81473,-5.81553
-5.7921,-5.7929
-5.76947,-5.77027
-5.74685,-5.74765
-5.72422,-5.72502
-5.7016,-5.70239
-5.69028,-5.69107
-5.66766,-5.66844
-5.64503,-5.64581
-5.62241,-5.62318
-5.59978,-5.60056
-5.57716,-5.57793
-5.55453,-5.5553
-5.5319,-5.53267
-5.50928,-5.51004
-5.48665,-5.48741
-5.46403,-5.46478
-5.4414,-5.44215
-5.41878,-5.41952
-5.39615,-5.39689
-5.38484,-5.38558
-5.36221,-5.36295
-5.33959,-5.34032
-5.31696,-5.31769
-5.29434,-5.29506
-5.27171,-5.27243
-5.24851,-5.2504
-5.22404,-5.22979
-5.19839,-5.21066
-5.17166,-5.19307
-5.158,-5.18474
-5.1306,-5.16821
-5.10322,-5.15165
-5.07588,-5.13502
-5.04856,-5.11837
-5.02126,-5.10167
-4.99398,-5.08493
-4.96672,-5.06818
-4.93946,-5.05142
-4.91221,-5.03464
-4.89859,-5.02625
-4.87133,-5.0095
-4.84404,-4.99278
-4.81669,-4.97616
-4.78927,-4.95966
-4.76179,-4.94327
-4.73428,-4.92693
-4.70669,-4.91071
-4.67901,-4.89466
-4.65172,-4.87908
-4.62409,-4.86432
-4.59571,-4.85111
-4.56688,-4.8395
-4.53668,-4.82894
-4.50605,-4.81967
-4.47509,-4.8116
-4.44385,-4.80467
-4.41239,-4.79879
-4.39663,-4.79603
-4.36527,-4.78971
-4.33413,-4.78233
-4.30325,-4.77394
-4.27264,-4.76461
-4.24232,-4.75439
-4.21228,-4.74335
-4.18254,-4.73155
-4.15273,-4.71992
-4.12244,-4.70962
-4.10718,-4.7048
-4.07684,-4.69463
-4.04676,-4.68371
-4.01695,-4.67209
-3.98738,-4.65984
-3.95806,-4.64702
-3.93231,-4.63522
-3.90684,-4.62306
-3.88159,-4.6106
-3.85643,-4.59782
-3.84397,-4.59138
-3.81922,-4.57839
-3.79496,-4.56547
-3.77052,-4.55231
-3.74629,-4.53925
-3.72203,-4.52632
-3.69778,-4.51347
-3.68585,-4.5071
-3.6621,-4.49435
-3.63865,-4.48168
-3.61539,-4.46907
-3.59177,-4.45624
-3.5682,-4.44344
-3.54523,-4.43095
-3.52229,-4.41849
-3.49942,-4.40607
-3.47659,-4.39367
-3.45391,-4.38135
-3.4313,-4.36906
-3.42001,-4.36293
-3.39748,-4.35069
-3.37503,-4.33849
-3.35265,-4.32633
-3.3303,-4.3142
-3.30803,-4.3021
-3.28628,-4.29028
-3.26459,-4.2785
-3.24295,-4.26674
-3.22136,-4.25501
-3.19983,-4.24331
-3.17837,-4.23165
-3.15697,-4.22003
-3.1463,-4.21423
-3.12499,-4.20266
-3.10378,-4.19113
-3.0826,-4.17963
-3.06147,-4.16815
-3.04089,-4.15697
-3.02038,-4.14582
-2.99991,-4.1347
-2.97951,-4.12362
-2.95916,-4.11256
-2.93888,-4.10155
-2.91863,-4.09055
-2.89845,-4.07958
-2.87832,-4.06865
-2.85823,-4.05774
-2.84843,-4.05241
-2.82886,-4.04178
-2.80938,-4.0312
-2.78997,-4.02065
-2.77059,-4.01013
-2.75128,-3.99963
-2.73199,-3.98915
-2.71275,-3.97868
-2.69391,-3.96839
-2.67523,-3.95814
-2.65631,-3.9477
-2.63747,-3.93725
-2.62829,-3.93213
-2.61004,-3.9219
-2.59163,-3.91151
-2.57341,-3.90113
-2.55561,-3.8909
-2.53768,-3.88049
-2.51996,-3.8701
-2.50244,-3.8597
-2.48504,-3.84925
-2.46785,-3.83879
-2.45084,-3.8283
-2.43399,-3.81777
-2.41712,-3.80706
-2.40048,-3.79634
-2.38402,-3.78557
-2.36782,-3.77479
-2.35159,-3.7638
-2.34366,-3.75823
-2.32844,-3.7464
-2.3141,-3.73363
-2.30066,-3.71992
-2.28819,-3.70534
-2.27675,-3.68999
-2.26637,-3.67394
-2.25725,-3.65754
-2.24404,-3.62951
-2.23286,-3.60079
-2.22312,-3.57031
-2.21494,-3.53938
-2.21142,-3.52377
-2.2055,-3.49232
-2.20102,-3.46064
-2.19795,-3.42879
-2.19626,-3.39684
-2.19591,-3.36484
-2.19686,-3.33286
-2.19907,-3.30094
-2.20202,-3.26907
-2.20469,-3.23718
-2.2066,-3.20524
-2.20778,-3.17326
-2.20862,-3.14128
-2.2096,-3.10929
-2.21071,-3.07731
-2.21197,-3.04533
-2.2134,-3.01337
-2.215,-2.98141
-2.21674,-2.94945
-2.21826,-2.91749
-2.21907,-2.8855
-2.21929,-2.8695
-2.21985,-2.83751
-2.22055,-2.80552
-2.22136,-2.77353
-2.22228,-2.74154
-2.22272,-2.72555
-2.22326,-2.69355
-2.22322,-2.66155
-2.22257,-2.62956
-2.22129,-2.59758
-2.21935,-2.56564
-2.21676,-2.53375
-2.21351,-2.50192
-2.20958,-2.47016
-2.20496,-2.43849
-2.20044,-2.40682
-2.19705,-2.375
-2.1948,-2.34308
-2.19296,-2.31113
-2.19061,-2.27922
-2.18779,-2.24734
-2.18636,-2.23141
-2.18443,-2.19947
-2.18375,-2.16748
-2.18433,-2.13548
-2.18537,-2.1035
-2.1855,-2.0715
-2.18428,-2.03953
-2.1834,-2.02355
-2.18254,-1.99157
-2.18292,-1.95957
-2.18409,-1.92759
-2.18554,-1.89563
-2.18726,-1.86367
-2.18923,-1.83173
-2.19146,-1.79981
-2.19393,-1.76791
-2.19527,-1.75196
-2.19812,-1.72009
-2.20122,-1.68824
-2.20456,-1.65642
-2.20814,-1.62462
-2.21235,-1.5929
-2.21772,-1.56135
-2.22409,-1.53
-2.23114,-1.49878
-2.23876,-1.4677
-2.24699,-1.43678
-2.25584,-1.40603
-2.26474,-1.37529
-2.27302,-1.34438
-2.28126,-1.31346
-2.29016,-1.28272
-2.29973,-1.25219
-2.31007,-1.22191
-2.32127,-1.19193
-2.32721,-1.17708
-2.33982,-1.14767
-2.35286,-1.11845
-2.36563,-1.0891
-2.37864,-1.05987
-2.39254,-1.03105
-2.4073,-1.00266
-2.42252,-0.974506
-2.4372,-0.946077
-2.4442,-0.931685
-2.45813,-0.902878
-2.47206,-0.874072
-2.48602,-0.845273
-2.49998,-0.81648
-2.51394,-0.787686
-2.52787,-0.758878
-2.54176,-0.73005
-2.5556,-0.701199
-2.5694,-0.672323
-2.58313,-0.643419
-2.59679,-0.614483
-2.61038,-0.585512
-2.62389,-0.556505
-2.63062,-0.541988
-2.644,-0.512919
-2.65728,-0.483806
-2.67046,-0.454646
-2.68354,-0.42544
-2.69651,-0.396185
-2.70936,-0.36688
-2.7221,-0.337526
-2.73472,-0.30812
-2.74722,-0.27866
-2.7596,-0.249155
-2.77188,-0.219603
-2.77797,-0.204808
-2.79005,-0.175177
-2.80199,-0.145489
-2.81379,-0.115742
-2.82516,-0.0858302
-2.8293,-0.073985
-2.83276,-0.0631948
-2.84172,-0.0324766
-2.84591,-0.0170331
-2.85368,0.0140079
-2.86067,0.045234
-2.86687,0.0766274
-2.87225,0.10817
-2.87684,0.139839
-2.88061,0.171615
-2.88357,0.203477
-2.88474,0.219434
-2.88646,0.251387
-2.88737,0.283373
-2.88751,0.315372
-2.88688,0.347365
-2.88548,0.379334
-2.88332,0.41126
-2.88197,0.427203
-2.87887,0.459053
-2.87665,0.490414
-2.87475,0.521664
-2.87203,0.553547
-2.86862,0.584527
-2.86449,0.615353
-2.85904,0.645901
-2.85229,0.675946
-2.84518,0.705764
-2.84146,0.720633
-2.83374,0.750211
-2.82562,0.779438
-2.81702,0.808539
-2.80804,0.837383
-2.79936,0.866178
-2.79177,0.895103
-2.78826,0.909568
-2.78094,0.938391
-2.77236,0.966749
-2.76298,0.994707
-2.75453,1.02294
-2.74706,1.05119
-2.74342,1.06528
-2.73473,1.09302
-2.72473,1.12011
-2.71483,1.14721
-2.70578,1.17449
-2.69701,1.20178
-2.68777,1.22885
-2.67804,1.25562
-2.6679,1.28198
-2.65731,1.30805
-2.64631,1.33383
-2.63493,1.35933
-2.62278,1.38435
-2.61623,1.39656
-2.60228,1.42042
-2.58787,1.44385
-2.5731,1.46693
-2.5579,1.48976
-2.54241,1.5121
-2.52654,1.53407
-2.51522,1.54912
-2.50425,1.56311
-2.49908,1.56952
-2.4886,1.58214
-2.47772,1.59479
-2.46605,1.60794
-2.45405,1.62105
-2.43212,1.64435
-2.40991,1.66739
-2.38746,1.69019
-2.3762,1.70157
-2.35397,1.72458
-2.3321,1.74794
-2.31057,1.77162
-2.29937,1.78431
-2.28873,1.79672
-2.27847,1.80881
-2.26843,1.82044
-2.25831,1.83218
-2.2483,1.84414
-2.24351,1.84999
-2.23414,1.86161
-2.22507,1.87266
-2.21574,1.8839
-2.20644,1.89532
-2.19745,1.90656
-2.1887,1.91763
-2.18011,1.92863
-2.17177,1.93942
-2.16768,1.94476
-2.15956,1.95542
-2.15149,1.96587
-2.14323,1.9763
-2.13491,1.98683
-2.12664,1.99734
-2.11843,2.00779
-2.11018,2.01813
-2.10195,2.02807
-2.09337,2.0382
-2.08452,2.04872
-2.07585,2.05913
-2.06729,2.06945
-2.05887,2.0796
-2.05054,2.08959
-2.04213,2.09963
-2.03795,2.10459
-2.02952,2.11441
-2.02095,2.12425
-2.01221,2.1343
-2.00364,2.14419
-1.99515,2.15401
-1.9867,2.16369
-1.97821,2.17325
-1.97389,2.17804
-1.96517,2.18765
-1.95635,2.19738
-1.94758,2.20703
-1.93881,2.21662
-1.93005,2.22614
-1.92128,2.23564
-1.91689,2.24039
-1.90812,2.24989
-1.89945,2.25928
-1.89083,2.26861
-1.88218,2.27792
-1.87351,2.2872
-1.86485,2.29645
-1.85622,2.30564
-1.84761,2.31477
-1.83903,2.32383
-1.83038,2.33291
-1.82174,2.34193
-1.81309,2.35091
-1.80444,2.35984
-1.80012,2.36428
-1.7914,2.3732
-1.78263,2.38212
-1.77379,2.39104
-1.76494,2.39993
-1.75601,2.40883
-1.74707,2.41769
-1.73817,2.42645
-1.72913,2.4353
-1.72006,2.4441
-1.71553,2.44849
-1.7063,2.45735
-1.69694,2.46631
-1.68754,2.47522
-1.67806,2.48416
-1.66856,2.49306
-1.65903,2.50192
-1.64949,2.51075
-1.63991,2.51953
-1.63031,2.52829
-1.62546,2.53268
-1.61575,2.54144
-1.606,2.55017
-1.59621,2.55887
-1.58639,2.56753
-1.57652,2.57618
-1.56661,2.58479
-1.54239,2.6057
-1.51809,2.62652
-1.50591,2.6369
-1.48149,2.65758
-1.45696,2.67813
-1.43231,2.69854
-1.40754,2.71879
-1.38263,2.73888
-1.35759,2.7588
-1.3324,2.77854
-1.30707,2.79809
-1.28158,2.81745
-1.25595,2.8366
-1.23016,2.85555
-1.20423,2.8743
-1.19121,2.88359
-1.16505,2.90203
-1.13874,2.92024
-1.11204,2.93788
-1.08461,2.95435
-1.05645,2.96954
-1.04212,2.97667
-1.01305,2.99004
-0.983492,3.00229
-0.953511,3.01347
-0.923312,3.02405
-0.89311,3.03463
-0.86291,3.04521
-0.832709,3.05579
-0.802508,3.06637
-0.772303,3.07693
-0.741897,3.0869
-0.71108,3.09551
-0.679917,3.10277
-0.648485,3.10876
-0.632688,3.1113
-0.60097,3.11553
-0.569129,3.1187
-0.537206,3.1209
-0.505233,3.1222
-0.473237,3.12267
-0.457238,3.12278
-0.425258,3.12388
-0.393338,3.12612
-0.361439,3.12864
-0.329486,3.13035
-0.297535,3.1321
-0.265668,3.135
-0.233925,3.13903
-0.202215,3.14332
-0.170396,3.14671
-0.154452,3.14805
-0.122529,3.15026
-0.0906768,3.15331
-0.0589576,3.15753
-0.0274089,3.16287
0.00410148,3.16844
0.0357665,3.17305
0.0675595,3.17668
0.0993564,3.18026
0.131003,3.18499
0.162455,3.19088
0.178098,3.19424
0.209245,3.20158
0.240554,3.20818
0.272074,3.21369
0.303619,3.21906
0.334958,3.22552
0.366051,3.23308
0.381547,3.23707
0.412735,3.24422
0.443963,3.2512
0.474943,3.25921
0.505646,3.26823
0.536331,3.2773
0.567345,3.28517
0.59843,3.29276
0.629257,3.30134
0.65979,3.31092
0.690016,3.32142
0.720141,3.33221
0.750723,3.3416
0.781784,3.34929
0.797329,3.35308
0.828229,3.3614
0.858847,3.37069
0.889161,3.38094
0.91936,3.39152
0.949718,3.40164
0.980237,3.41126
1.01089,3.42043
1.04166,3.42922
1.07252,3.43769
1.1033,3.44644
1.13378,3.45617
1.16413,3.46633
1.17934,3.47129
1.20986,3.4809
1.2405,3.49016
1.27122,3.49911
1.30202,3.50779
1.33288,3.51624
1.36379,3.52452
1.39458,3.53322
1.4244,3.54289
1.45446,3.55387
1.48414,3.56583
1.49859,3.57202
1.5271,3.58491
1.5553,3.59848
1.58297,3.61253
1.6102,3.62702
1.63701,3.64192
1.66347,3.6572
1.68958,3.67282
1.71552,3.68886
1.74116,3.7052
1.76634,3.72171
1.79133,3.73854
1.81606,3.7556
1.84047,3.77284
1.86463,3.79027
1.8766,3.79904
1.90034,3.81668
1.92388,3.83452
1.94698,3.85233
1.97002,3.87041
1.99282,3.8886
2.00411,3.89771
2.02658,3.91601
2.04903,3.93384
2.07206,3.95086
2.09525,3.96744
2.1183,3.98424
2.14112,4.00119
2.164,4.01787
2.18726,4.0337
2.19899,4.04127
2.22274,4.05595
2.24632,4.07068
2.26953,4.08557
2.2927,4.1008
2.31574,4.11569
2.32745,4.12289
2.3511,4.13668
2.37496,4.14966
2.39891,4.16239
2.42272,4.17549
2.44613,4.18883
2.4695,4.20199
2.49306,4.21441
2.50496,4.22037
2.52897,4.23176
2.55302,4.24246
2.57714,4.25303
2.60092,4.26391
2.62463,4.27477
2.64855,4.28512
2.66059,4.2901
2.68469,4.29968
2.70847,4.30922
2.73225,4.31895
2.75606,4.32857
2.77987,4.33771
2.80376,4.34643
2.82758,4.35496
2.85128,4.36365
2.86301,4.36802
2.88646,4.37687
2.90977,4.38536
2.93313,4.39348
2.95671,4.40132
2.98033,4.40887
3.00373,4.41628
3.02691,4.42389
3.03852,4.42775
3.06167,4.43526
3.08487,4.44251
3.10778,4.44942
3.13049,4.45606
3.15314,4.46248
3.1756,4.46865
3.19788,4.4746
3.20894,4.47748
3.23086,4.4831
3.25272,4.48856
3.27443,4.49384
3.29599,4.49896
3.30669,4.50144
3.32803,4.50631
3.34914,4.51101
3.37012,4.51558
3.38058,4.51782
3.40144,4.5222
3.42208,4.52643
3.4427,4.53055
3.46316,4.53455
3.47333,4.5365
3.4936,4.54033
3.51368,4.54404
3.53371,4.54768
3.55363,4.55122
3.57343,4.55467
3.59312,4.55803
3.61269,4.56131
3.63216,4.5645
3.65152,4.56759
3.67076,4.57061
3.6899,4.57354
3.70893,4.5764
3.71839,4.57779
3.73726,4.58053
3.75597,4.58319
3.77458,4.58577
3.79309,4.58829
3.8115,4.59074
3.82981,4.59312
3.84802,4.59544
3.86613,4.5977
3.88415,4.5999
3.90207,4.60204
3.9199,4.60412
3.93769,4.60616
3.95538,4.60815
3.97298,4.61009
3.98174,4.61104
3.9992,4.6129
4.01653,4.61471
4.03382,4.61647
4.05102,4.61819
4.06813,4.61986
4.08516,4.62149
4.1021,4.62309
4.11895,4.62464
4.13573,4.62615
4.15242,4.62761
4.16072,4.62832
4.17728,4.62972
4.19371,4.63107
4.21006,4.63239
4.22633,4.63367
4.24252,4.63491
4.25868,4.63613
4.27475,4.63732
4.29075,4.63847
4.30667,4.6396
4.32251,4.6407
4.33827,4.64177
4.35397,4.64282
4.36178,4.64333
4.37736,4.64435
4.39283,4.64534
4.40823,4.6463
4.42359,4.64724
4.43888,4.64816
4.4541,4.64905
4.46924,4.64992
4.48432,4.65077
4.49182,4.65119
4.50679,4.652
4.52165,4.65279
4.53648,4.65357
4.55124,4.65433
4.56593,4.65508
4.58056,4.65582
4.59512,4.65653
4.60962,4.65723
4.61683,4.65758
4.63123,4.65826
4.64552,4.65893
4.65979,4.65958
4.67399,4.66021
4.68813,4.66083
4.7022,4.66144
4.71621,4.66203
4.72318,4.66233
4.73706,4.66291
4.75091,4.66348
4.7647,4.66404
4.77843,4.66458
4.7921,4.66512
4.8057,4.66564
4.81925,4.66617
4.83273,4.66668
4.83945,4.66693
4.85284,4.66742
4.86618,4.66791
4.87946,4.66839
4.89268,4.66887
4.90584,4.66934
4.91239,4.66957
4.92547,4.67003
4.93196,4.67025
4.94494,4.67068
4.95784,4.6711
4.97068,4.67152
4.98347,4.67193
4.9962,4.67234
5.00888,4.67274
5.0215,4.67314
5.03409,4.67352
5.04663,4.6739
5.05911,4.67427
5.07154,4.67463
5.08391,4.67499
5.09007,4.67516
5.10236,4.67551
5.11457,4.67584
5.12673,4.67617
5.13883,4.67649
5.15088,4.67681
5.1629,4.67712
5.17488,4.67742
5.18679,4.67771
5.19866,4.67799
5.21047,4.67825
5.21635,4.67838
5.22808,4.67863
5.23973,4.67887
5.25136,4.6791
5.26293,4.67932
5.27445,4.67954
5.28592,4.67974
5.29734,4.67994
5.30871,4.68013
5.32003,4.68032
5.3313,4.68049
5.34252,4.68066
5.35369,4.68082
5.35925,4.6809
5.37034,4.68105
5.38136,4.6812
5.39236,4.68135
5.39784,4.68142
5.40877,4.68156
5.41962,4.68169
5.43043,4.68182
5.44119,4.68194
5.45193,4.68206
5.46262,4.68218
5.46795,4.68224
5.47857,4.68236
5.48913,4.68247
5.49966,4.68258
5.51015,4.68268
5.52059,4.68279
5.53099,4.68289
5.54134,4.68299
5.55165,4.68309
5.56192,4.68319
5.57214,4.68328
5.57723,4.68333
5.58738,4.68342
5.59747,4.68351
5.60752,4.6836
5.61753,4.6837
5.62749,4.68381
5.63744,4.68392
5.64734,4.68405
5.65721,4.68418
5.66704,4.68433
5.67683,4.68449
5.68659,4.68467
5.69631,4.68486
5.70599,4.68507
5.71563,4.6853
5.72524,4.68555
5.73003,4.68568
5.73959,4.68596
5.7491,4.68627
5.75858,4.68661
5.76803,4.68698
5.77746,4.68738
5.78686,4.68782
5.79624,4.6883
5.80558,4.68881
5.8149,4.68937
5.82419,4.68997
5.82883,4.69029
5.83808,4.69096
5.8473,4.69167
5.85649,4.69244
5.86566,4.69325
5.87481,4.69412
5.88394,4.69504
5.8885,4.69552
5.8976,4.69653
5.90667,4.69759
5.91573,4.69871
5.92476,4.69989
5.93378,4.70114
5.94277,4.70245
5.95175,4.70383
5.96071,4.70527
5.96966,4.70678
5.97858,4.70836
5.98749,4.71001
5.99639,4.71174
6.00083,4.71262
6.00969,4.71446
6.01855,4.71637
6.02739,4.71835
6.03621,4.72041
6.04502,4.72255
6.05382,4.72478
6.06261,4.72708
6.07138,4.72947
6.08014,4.73195
6.08889,4.73451
6.09763,4.73716
6.10636,4.73991
6.11508,4.74274
6.11944,4.74419
6.12814,4.74717
6.13685,4.75024
6.14555,4.75342
6.15423,4.75671
6.16291,4.7601
6.16725,4.76184
6.17592,4.76541
6.18461,4.76911
6.1933,4.77294
6.20196,4.77689
6.21063,4.78099
6.21931,4.78522
6.22798,4.78961
6.23667,4.79416
6.24536,4.79888
6.25399,4.80373
6.26263,4.80878
6.26697,4.8114
6.27564,4.81681
6.28439,4.82253
6.29323,4.82861
6.30212,4.83507
6.31096,4.84186
6.31983,4.84909
6.32882,4.85687
6.33788,4.86524
6.34707,4.87432
6.35646,4.88427
6.36567,4.8948
6.3701,4.90017
6.37867,4.91119
6.38673,4.9225
6.39421,4.93405
6.40113,4.9459
6.40746,4.9581
6.41311,4.97059
6.41799,4.98334
6.42196,4.9963
6.42496,5.00948
6.42697,5.02276
6.4276,5.02941
6.42814,5.04254
6.42773,5.05504
6.42635,5.06742
6.42391,5.07998
6.42022,5.09274
6.41505,5.10571
6.40815,5.11899
6.39928,5.13262
6.38802,5.14674
6.37468,5.1605
6.35786,5.17477
6.34717,5.18258
6.32236,5.19804
6.29379,5.21242
6.26406,5.22424
6.23348,5.23365
6.20232,5.24089
6.17083,5.24657
6.13917,5.25124
6.10738,5.25492
6.07551,5.25774
6.05955,5.25886
6.0276,5.26063
5.99562,5.26192
5.96364,5.26285
5.93165,5.26352
5.89965,5.264
5.86765,5.26431
5.83565,5.26448
5.80365,5.26449
5.77165,5.26436
5.73965,5.26409
5.70765,5.26369
5.67566,5.26315
5.64367,5.26249
5.61168,5.2617
5.57969,5.2608
5.5477,5.25978
5.51572,5.25865
5.48375,5.25741
5.45178,5.25607
5.43579,5.25536
5.40383,5.25387
5.37187,5.25229
5.33991,5.25061
5.30795,5.24898
5.27598,5.24754
5.24401,5.24633
5.21202,5.24535
5.18003,5.24462
5.14803,5.24413
5.11604,5.24389
5.10004,5.24386
5.06804,5.24399
5.03604,5.24412
5.00404,5.24393
4.97204,5.24343
4.94005,5.24264
4.90807,5.24156
4.8761,5.24022
4.84414,5.23862
4.81219,5.2368
4.79622,5.2358
4.77233,5.23421
4.75796,5.23315
4.72606,5.23063
4.69417,5.22794
4.6623,5.22509
4.63044,5.2221
4.59859,5.21896
4.56676,5.21571
4.53494,5.21234
4.50313,5.20885
4.47133,5.20527
4.43954,5.20159
4.40776,5.19783
4.37599,5.19399
4.34423,5.19008
4.32835,5.1881
4.29661,5.1841
4.26486,5.18004
4.23313,5.17595
4.2014,5.17179
4.16968,5.16755
4.13798,5.1632
4.12213,5.161
4.09044,5.15653
4.05877,5.15197
4.02711,5.14733
3.99546,5.14261
3.96382,5.13783
3.93219,5.13296
3.90058,5.128
3.86897,5.12297
3.85318,5.12042
3.82159,5.11528
3.79002,5.11006
3.75846,5.10476
3.74812,5.10301
3.71659,5.09756
3.68507,5.09202
3.67496,5.09022
3.64348,5.08452
3.61201,5.0787
3.6022,5.07684
3.59253,5.07496
3.56114,5.06874
3.52977,5.06239
3.5141,5.05916
3.48279,5.05256
3.45152,5.04578
3.42029,5.0388
3.38911,5.0316
3.35798,5.02419
3.3269,5.01655
3.29589,5.00868
3.26493,5.00057
3.23404,4.99222
3.20322,4.98361
3.18784,4.97921
3.15713,4.97022
3.1265,4.96096
3.09594,4.95146
3.06546,4.94171
3.03506,4.93172
3.00474,4.92147
2.97451,4.91098
2.94436,4.90026
2.92935,4.89472
2.89969,4.88271
2.8704,4.86983
2.84128,4.85656
2.81232,4.84295
2.78353,4.82899
2.7549,4.81469
2.72644,4.80006
2.69816,4.78508
2.68409,4.77747
2.65607,4.76201
2.62825,4.7462
2.60061,4.73007
2.57318,4.7136
2.54594,4.6968
2.51891,4.67968
2.49209,4.66223
2.46547,4.64446
2.43905,4.62641
2.42591,4.61728
2.39977,4.59882
2.37383,4.58008
2.3483,4.56079
2.32348,4.5406
2.2994,4.51953
2.27609,4.49761
2.25359,4.47485
2.23193,4.4513
2.21113,4.42698
2.1912,4.40195
2.17216,4.37623
2.15321,4.35045
2.14338,4.33783
2.12301,4.31314
2.10176,4.28923
2.07964,4.2661
2.05742,4.24308
2.03604,4.21927
2.01555,4.19469
1.99518,4.17002
1.97393,4.14609
1.95184,4.12294
1.92892,4.10061
1.90521,4.07913
1.88074,4.05852
1.85553,4.0388
1.82964,4.02
1.80332,4.0018
1.77728,3.9832
1.75168,3.96401
1.73885,3.95444
1.71314,3.9354
1.68734,3.91646
1.66148,3.89761
1.64853,3.88821
1.64853,3.88821
1.64853,3.88821
1.64853,3.88821
1.64853,3.88821
1.64853,3.88821
1.64853,3.88821
1.64853,3.88821
1.64853,3.88821
1.64853,3.88821
1.64853,3.88821
1.64853,3.88821
1.64853,3.88821
1.64853,3.88821
1.64853,3.88821
1.64853,3.88821
1.64853,3.88821
1.64853,3.88821
1.64853,3.88821
1.64853,3.88821
1.64853,3.88821
1.64853,3.88821
1.64853,3.88821
1.64853,3.88821
1.64853,3.88821
1.64853,3.88821
1.64853,3.88821
1.64853,3.88821
1.64853,3.88821
1.64853,3.88821
1.64853,3.88821
1.64853,3.88821
1.64853,3.88821
1.64853,3.88821
1.64853,3.88821
1.64853,3.88821
1.64853,3.88821
1.64853,3.88821
1.64853,3.88821
1.64853,3.88821
1.64853,3.88821
1.64853,3.88821
1.64853,3.88821
1.64853,3.88821
1.64853,3.88821
1.64853,3.88821
1.64853,3.88821
1.64853,3.88821
1.64853,3.88821
1.64853,3.88821
1.64853,3.88821
1.64853,3.88821
1.64853,3.88821
1.64853,3.88821
1.64853,3.88821
1.64853,3.88821
1.64853,3.88821
1.64853,3.88821
1.64853,3.88821
1.64853,3.88821
1.64853,3.88821
1.64853,3.88821
1.64853,3.88821
1.64853,3.88821
1.64853,3.88821
1.64853,3.88821
1.64853,3.88821
1.64853,3.88821
1.64853,3.88821
1.64853,3.88821
1.64853,3.88821
1.64853,3.88821
1.64853,3.88821
1.64853,3.88821
1.64853,3.88821
1.64853,3.88821
1.64853,3.88821
1.64853,3.88821
1.64853,3.88821
1.64853,3.88821
1.64853,3.88821
1.64853,3.88821
1.64853,3.88821
1.64853,3.88821
1.64853,3.88821
1.64853,3.88821
1.64853,3.88821
1.64853,3.88821
1.64853,3.88821
1.64853,3.88821
1.64853,3.88821
1.64853,3.88821
1.64853,3.88821
1.64853,3.88821
1.64853,3.88821
1.64853,3.88821
1.64853,3.88821
1.64853,3.88821
1.64853,3.88821
1.64853,3.88821
1.64853,3.88821
1.64853,3.88821
1.64853,3.88821
1.64853,3.88821
1.64853,3.88821
1.64853,3.88821
1.64853,3.88821
1.64853,3.88821
1.64853,3.88821
1.64853,3.88821
1.64853,3.88821
1.64853,3.88821
1.64853,3.88821
1.64853,3.88821
1.64853,3.88821
1.64853,3.88821
1.64853,3.88821
1.64853,3.88821
1.64853,3.88821
1.64853,3.88821
1.64853,3.88821
1.64853,3.88821
1.64853,3.88821
1.64853,3.88821
1.64853,3.88821
1.64853,3.88821
1.64853,3.88821
1.64853,3.88821
1.64853,3.88821
1.64853,3.88821
1.64853,3.88821
1.64853,3.88821
1.64853,3.88821
1.64853,3.88821
1.64853,3.88821
1.64853,3.88821
1.64853,3.88821
1.64853,3.88821
1.64853,3.88821
1.64853,3.88821
1.64853,3.88821
1.64853,3.88821
1.64853,3.88821
1.64853,3.88821
1.64853,3.88821
1.64853,3.88821
1.64853,3.88821
1.64853,3.88821
1.64853,3.88821
1.64853,3.88821
1.64853,3.88821
1.64853,3.88821
1.64853,3.88821
1.64853,3.88821
1.64853,3.88821
1.64853,3.88821
1.64853,3.88821
1.64853,3.88821
1.64853,3.88821
1.64853,3.88821
1.64853,3.88821
1.64853,3.88821
1.64853,3.88821
1.64853,3.88821
1.64853,3.88821
1.64853,3.88821
1.64853,3.88821
1.64853,3.88821
1.64853,3.88821
1.64853,3.88821
1.64853,3.88821
1.64853,3.88821
1.64853,3.88821
1.64853,3.88821
1.64853,3.88821
1.64853,3.88821
1.64853,3.88821
1.64853,3.88821
1.64853,3.88821
1.64853,3.88821
1.64853,3.88821
1.64853,3.88821
1.64853,3.88821
1.64853,3.88821
1.64853,3.88821
1.64853,3.88821
1.64853,3.88821
1.64853,3.88821
1.64853,3.88821
1.64853,3.88821
1.64853,3.88821
1.64853,3.88821
1.64853,3.88821
1.64853,3.88821
1.64853,3.88821
1.64853,3.88821
1.64853,3.88821
1.64853,3.88821
1.64853,3.88821
1.64853,3.88821
1.64853,3.88821
1.64853,3.88821
1.64853,3.88821
1.64853,3.88821
1.64853,3.88821
1.64853,3.88821
1.64853,3.88821
1.64853,3.88821
1.64853,3.88821
1.64853,3.88821
1.64853,3.88821
1.64853,3.88821
1.64853,3.88821
1.64853,3.88821
1.64853,3.88821
1.64853,3.88821
1.64853,3.88821
1.64853,3.88821
1.64853,3.88821
1.64853,3.88821
1.64853,3.88821
1.64853,3.88821
1.64853,3.88821
1.64853,3.88821
1.64853,3.88821
1.64853,3.88821
1.64853,3.88821
1.64853,3.88821
